{"_timestamp":1.7316973158747916e+09,"_runtime":39.207617969,"_step":1,"train_score":0.8270530190033253,"_wandb":{"runtime":39},"data_size":1117957,"feature_count":20}