{"acc":0.9034742898705224,"loss":0.08237259120844771,"_timestamp":1.7316950797939696e+09,"_wandb":{"runtime":0},"_runtime":0.960401136,"_step":7}